Metric,Value
MAE,6832.6591796875
MSE,55177920.0
RMSE,7428.184165729873
MAPE (%),5.147900326326525
